apple,Food
banana,Food
carrot,Food
bread,Food
butter,Food
cheese,Food
yogurt,Food
pasta,Food
pizza,Food
burger,Food
taco,Food
sushi,Food
salmon,Food
steak,Food
omelet,Food
pancake,Food
waffle,Food
cereal,Food
granola,Food
avocado,Food
tomato,Food
spinach,Food
broccoli,Food
pepper,Food
garlic,Food
onion,Food
potato,Food
pumpkin,Food
lettuce,Food
cabbage,Food
cauliflower,Food
strawberry,Food
blueberry,Food
raspberry,Food
blackberry,Food
watermelon,Food
cantaloupe,Food
pineapple,Food
mango,Food
papaya,Food
kiwi,Food
peach,Food
plum,Food
cherry,Food
grape,Food
pear,Food
orange,Food
lemon,Food
lime,Food
coconut,Food
almond,Food
walnut,Food
pistachio,Food
hazelnut,Food
cashew,Food
peanut,Food
sesame,Food
basil,Food
oregano,Food
thyme,Food
lion,Animals
tiger,Animals
cheetah,Animals
leopard,Animals
elephant,Animals
giraffe,Animals
zebra,Animals
rhinoceros,Animals
hippo,Animals
crocodile,Animals
alligator,Animals
kangaroo,Animals
koala,Animals
wombat,Animals
panda,Animals
sloth,Animals
otter,Animals
beaver,Animals
fox,Animals
wolf,Animals
coyote,Animals
bear,Animals
moose,Animals
deer,Animals
antelope,Animals
bison,Animals
buffalo,Animals
goat,Animals
sheep,Animals
horse,Animals
donkey,Animals
camel,Animals
llama,Animals
alpaca,Animals
monkey,Animals
gorilla,Animals
chimpanzee,Animals
orangutan,Animals
lemur,Animals
penguin,Animals
seal,Animals
walrus,Animals
dolphin,Animals
whale,Animals
shark,Animals
eagle,Animals
falcon,Animals
owl,Animals
sparrow,Animals
robin,Animals
parrot,Animals
flamingo,Animals
peacock,Animals
turkey,Animals
chicken,Animals
duck,Animals
goose,Animals
swan,Animals
lobster,Animals
crab,Animals
notebook,Objects
pencil,Objects
marker,Objects
eraser,Objects
backpack,Objects
laptop,Objects
tablet,Objects
smartphone,Objects
headphones,Objects
microphone,Objects
camera,Objects
tripod,Objects
flashlight,Objects
lantern,Objects
candle,Objects
blanket,Objects
pillow,Objects
mattress,Objects
wardrobe,Objects
dresser,Objects
bookshelf,Objects
mirror,Objects
clock,Objects
calendar,Objects
wallet,Objects
umbrella,Objects
suitcase,Objects
scissors,Objects
stapler,Objects
paperclip,Objects
binder,Objects
folder,Objects
hammer,Objects
wrench,Objects
screwdriver,Objects
pliers,Objects
saw,Objects
drill,Objects
ladder,Objects
paintbrush,Objects
canvas,Objects
easel,Objects
guitar,Objects
piano,Objects
violin,Objects
trumpet,Objects
drum,Objects
flute,Objects
saxophone,Objects
helmet,Objects
gloves,Objects
goggles,Objects
telescope,Objects
binoculars,Objects
compass,Objects
thermometer,Objects
microscope,Objects
projector,Objects
router,Objects
charger,Objects
library,Places
museum,Places
aquarium,Places
zoo,Places
stadium,Places
airport,Places
harbor,Places
mountain,Places
valley,Places
desert,Places
rainforest,Places
waterfall,Places
island,Places
peninsula,Places
volcano,Places
canyon,Places
forest,Places
meadow,Places
prairie,Places
savanna,Places
tundra,Places
village,Places
city,Places
capital,Places
suburb,Places
downtown,Places
market,Places
bazaar,Places
temple,Places
cathedral,Places
chapel,Places
mosque,Places
synagogue,Places
school,Places
university,Places
laboratory,Places
hospital,Places
clinic,Places
pharmacy,Places
bakery,Places
restaurant,Places
cafe,Places
theater,Places
cinema,Places
gallery,Places
workshop,Places
factory,Places
warehouse,Places
farm,Places
orchard,Places
vineyard,Places
beach,Places
coast,Places
lagoon,Places
harborfront,Places
boardwalk,Places
castle,Places
fortress,Places
palace,Places
courthouse,Places
teacher,School
student,School
principal,School
counselor,School
classroom,School
textbook,School
worksheet,School
homework,School
assignment,School
project,School
presentation,School
laboratory,School
gymnasium,School
auditorium,School
cafeteria,School
playground,School
bulletin,School
semester,School
trimester,School
quarter,School
syllabus,School
notebook,School
highlighter,School
calculator,School
protractor,School
compass,School
backpack,School
locker,School
timetable,School
bell,School
recess,School
detention,School
graduation,School
diploma,School
locker,School
uniform,School
curriculum,School
club,School
advisor,School
tutor,School
study,School
research,School
library,School
exam,School
quiz,School
lecture,School
seminar,School
campus,School
scholarship,School
tuition,School
essay,School
science,School
history,School
geography,School
algebra,School
geometry,School
calculus,School
biology,School
chemistry,School
physics,School
algorithm,Tech
binary,Tech
compiler,Tech
debugger,Tech
firewall,Tech
bandwidth,Tech
protocol,Tech
database,Tech
server,Tech
client,Tech
frontend,Tech
backend,Tech
fullstack,Tech
microservice,Tech
container,Tech
virtualization,Tech
cloud,Tech
devops,Tech
pipeline,Tech
repository,Tech
branch,Tech
commit,Tech
merge,Tech
deploy,Tech
hosting,Tech
serverless,Tech
api,Tech
endpoint,Tech
websocket,Tech
encryption,Tech
token,Tech
authentication,Tech
authorization,Tech
cache,Tech
latency,Tech
throughput,Tech
microchip,Tech
sensor,Tech
robot,Tech
drone,Tech
wearable,Tech
blockchain,Tech
quantum,Tech
neural,Tech
dataset,Tech
training,Tech
inference,Tech
prompt,Tech
syntax,Tech
variable,Tech
function,Tech
class,Tech
object,Tech
module,Tech
package,Tech
library,Tech
framework,Tech
runtime,Tech
thread,Tech
process,Tech
